{
  "n_seeds": 10,
  "n_ticks": 1095,
  "n_patches": 100,
  "total_pop": 1000000,
  "metro_idx": 55,
  "total_attack_rate_mean": 0.9946847,
  "total_attack_rate_sd": 0.0005184633159636279,
  "peak_global_I_mean": 20324.5,
  "peak_global_I_sd": 3324.9717667974264,
  "peak_day_mean": 59.9,
  "peak_day_sd": 5.664803615307419,
  "metro_attack_rate_mean": 0.9946203333333333,
  "metro_attack_rate_sd": 0.0009489999999999914,
  "metro_onset_day_mean": 26.1,
  "n_patches_reached_mean": 100.0
}