{
  "n_seeds": 10,
  "n_ticks": 1095,
  "n_patches": 100,
  "total_pop": 1000000,
  "metro_idx": 55,
  "total_attack_rate_mean": 0.9782021999999999,
  "total_attack_rate_sd": 0.0012696868747844759,
  "peak_global_I_mean": 10743.6,
  "peak_global_I_sd": 1252.634918880996,
  "peak_day_mean": 104.7,
  "peak_day_sd": 8.556284240252891,
  "metro_attack_rate_mean": 0.9781146666666667,
  "metro_attack_rate_sd": 0.0014415556411969256,
  "metro_onset_day_mean": 24.6,
  "n_patches_reached_mean": 100.0
}