region,annual_amp,annual_phase
R3_sw,201.0483373589248,-0.24899255670454817
R2_ne,220.09579309930479,-0.5325514324307219
R4_se,156.1720636001734,-0.7465485028413944
R0_metro,1983.6482613589944,-1.273569845682693
R1_nw,165.1522740108163,-0.5132868376011889
