region,peak_mean,peak_sd,cum_mean,cum_sd
R0_metro,27077.7,2713.0368408851364,456613.3,12428.695954211058
R1_nw,3697.8,1096.649726312929,51279.0,4901.690252691752
R2_ne,4472.1,1082.618271701629,53503.2,5189.9020072101985
R3_sw,4141.4,1200.1239935939952,53429.7,5492.293126635621
R4_se,3581.5,1146.1881995941544,49635.6,3446.6040677745386
